{
    "30658263#0__0__background.0": {
        "pos": [
            179.59695095170107,
            130.7327948063579,
            0.0
        ],
        "heading": 0.16401980361422908,
        "model": "background/c.glb"
    },
    "1200878753#0__0__background.0": {
        "pos": [
            239.2960166807957,
            202.33461465304555,
            0.0
        ],
        "heading": 1.7578770033127098,
        "model": "background/f.glb"
    },
    "960661806#0__0__background.0": {
        "pos": [
            165.02503081967748,
            282.52490823245716,
            0.0
        ],
        "heading": -2.9744549186292404,
        "model": "background/a.glb"
    },
    "30658263#0__0__background.1": {
        "pos": [
            182.65428198298687,
            92.64686413617879,
            0.0
        ],
        "heading": 0.16403629388513075,
        "model": "background/a.glb"
    },
    "960661806#0__0__background.1": {
        "pos": [
            161.22148309125038,
            285.8093911318613,
            0.0
        ],
        "heading": -2.9744549186292355,
        "model": "background/d.glb"
    },
    "1200878753#0__0__background.1": {
        "pos": [
            250.61779204531672,
            209.02917195988502,
            0.0
        ],
        "heading": 1.8840622363134827,
        "model": "background/b.glb"
    }
}